title,media_type
Brainiac: Science Abuse,TV Series
Horrible Histories,TV Series
Operation Ouch!,TV Series
Freaks and Geeks,TV Series
Danger Mouse,TV Series
OOglies,TV Series
The Cramp Twins,TV Series
Robotboy,TV Series
Kid vs. Kat,TV Series
Johnny Test,TV Series
¡Mucha Lucha!,TV Series
Wallace & Gromit's Cracking Contraptions,TV Series
Wallace and Gromit's World of Invention,TV Series
Shaun the Sheep,TV Series
Timmy Time,TV Series
Bluey,TV Series
Little Einsteins,TV Series
Sesame Street,TV Series
Arthur,TV Series
Bill Nye the Science Guy,TV Series
Pingu,TV Series
Charlie and Lola,TV Series
SpongeBob SquarePants,TV Series
Dora the Explorer,TV Series
Blue's Clues,TV Series
Backyard Science,TV Series
Art Attack,TV Series
Phineas and Ferb,TV Series
Power Rangers,TV Series
The Story of Tracy Beaker,TV Series
Tracy Beaker Returns,TV Series
The Dumping Ground,TV Series
The Sarah Jane Adventures,TV Series
Dani's House,TV Series
Drake & Josh,TV Series
iCarly,TV Series
Victorious,TV Series
That's So Raven,TV Series
Raven's Home,TV Series
The Suite Life of Zack & Cody,TV Series
The Suite Life on Deck,TV Series
Wizards of Waverly Place,TV Series
Good Luck Charlie,TV Series
4 O'Clock Club,TV Series
"Scooby-Doo, Where Are You!",TV Series
The New Scooby-Doo Movies,TV Series
"What's New, Scooby-Doo?",TV Series
Scooby-Doo! Mystery Incorporated,TV Series
Come Outside,TV Series
Recess,TV Series
The New Adventures of Winnie the Pooh,TV Series
Little Bill,TV Series
Nina and the Neurons,TV Series
The Magic School Bus,TV Series
Mister Rogers' Neighborhood,TV Series
Numberjacks,TV Series
Octonauts,TV Series
Something Special,TV Series
The Joy of Painting,TV Series
I Can Cook,TV Series
"Big Cook, Little Cook",TV Series
Balamory,TV Series
Show Me Show Me,TV Series
The World of Peter Rabbit and Friends,TV Series
Gravity Falls,TV Series
We Bare Bears,TV Series
Adventure Time,TV Series
Looney Tunes Golden Collection,TV Series
The Jetsons,TV Series
Teenage Mutant Ninja Turtles,TV Series
Me Too!,TV Series
Jungle Run,TV Series
Grizzly Tales for Gruesome Kids,TV Series
Horrid Henry,TV Series
Spider-Man,TV Series
Batman: The Animated Series,TV Series
The New Batman Adventures,TV Series
Batman Beyond,TV Series
Brum,TV Series
Total Drama Island,TV Series
Johnny Bravo,TV Series
Tinga Tinga Tales,TV Series
Rugrats,TV Series
DuckTales,TV Series
Kick Buttowski: Suburban Daredevil,TV Series
The Loud House,TV Series
Courage the Cowardly Dog,TV Series
The Backyardigans,TV Series
Avatar: The Last Airbender,TV Series
The Legend of Korra,TV Series
Madeline,TV Series
Crayon Shin-chan,TV Series
Doraemon,TV Series
Sailor Moon,TV Series
Dexter's Laboratory,TV Series
The Powerpuff Girls,TV Series
Samurai Jack,TV Series
The Smurfs,TV Series
Felix the Cat,TV Series
The Pink Panther Show,TV Series
Popeye the Sailor,TV Series
The Flintstones,TV Series
The Muppet Show,TV Series
Thomas & Friends,TV Series
Postman Pat,TV Series
LazyTown,TV Series
Mickey Mouse,TV Series
The Wonderful World of Mickey Mouse,TV Series
Bernard's Watch,TV Series
Trapped!,TV Series
Mr. Men,TV Series
Little Miss,TV Series
Mr. Men and Little Miss,TV Series
The Mr. Men Show,TV Series
Squid Game,TV Series
Guardian: The Lonely and Great God,TV Series
Sky Castle,TV Series
Crash Landing on You,TV Series
Road Wars,TV Series
MythBusters,TV Series
How It's Made,TV Series
How Stuff Works,TV Series
Snackmasters,TV Series
Last Week Tonight with John Oliver,TV Series
Can't Get You Out of My Head,TV Series
Russia 1985-1999: TraumaZone,TV Series
Patriot Act with Hasan Minhaj,TV Series
Louis Theroux's Weird Weekends,TV Series
Louis Theroux's BBC Two specials,TV Series
Life on Earth,TV Series
Planet Earth,TV Series
Our Planet,TV Series
The Blue Planet,TV Series
Frozen Planet,TV Series
Human Planet,TV Series
Cosmos: Possible Worlds,TV Series
Cosmos: A Spacetime Odyssey,TV Series
Cosmos: A Personal Voyage,TV Series
Ways of Seeing,TV Series
It's Always Sunny in Philadelphia,TV Series
The Office,TV Series
Late Night with Conan O'Brien,TV Series
The Tonight Show with Conan O'Brien,TV Series
Conan,TV Series
Seinfeld,TV Series
King of the Hill,TV Series
Beavis and Butt-Head,TV Series
Friends,TV Series
The Big Bang Theory,TV Series
The Fresh Prince of Bel-Air,TV Series
Mr. Bean,TV Series
The Inbetweeners,TV Series
Peep Show,TV Series
Impractical Jokers,TV Series
The Eric Andre Show,TV Series
2 Broke Girls,TV Series
Saturday Night Live,TV Series
Fonejacker,TV Series
The Simpsons,TV Series
Curb Your Enthusiasm,TV Series
Da Ali G Show,TV Series
The Ricky Gervais Show,TV Series
Tom and Jerry Shorts,TV Series
Community,TV Series
Mind Your Language,TV Series
Little Britain,TV Series
Rick and Morty,TV Series
Chappelle's Show,TV Series
Blackadder,TV Series
Fawlty Towers,TV Series
Only Fools and Horses,TV Series
Monty Python's Flying Circus,TV Series
Goodness Gracious Me,TV Series
The Three Stooges Shorts,TV Series
Fresh Off the Boat,TV Series
Black-ish,TV Series
Takeshi's Castle,TV Series
Modern Family,TV Series
The Goldbergs,TV Series
Code Geass: Lelouch of the Rebellion,TV Series
Monster,TV Series
Dragon Ball,TV Series
Dragon Ball Z Kai,TV Series
Dragon Ball GT,TV Series
Dragon Ball Super,TV Series
Yu-Gi-Oh!,TV Series
Yu-Gi-Oh!,TV Series
Yu-Gi-Oh! GX,TV Series
Yu-Gi-Oh! 5D's,TV Series
Pokémon,TV Series
The Promised Neverland,TV Series
Death Note,TV Series
Fullmetal Alchemist: Brotherhood,TV Series
One Piece,TV Series
Naruto,TV Series
Cowboy Bebop,TV Series
Attack on Titan,TV Series
Neon Genesis Evangelion,TV Series
Fargo,TV Series
Twin Peaks,TV Series
Game of Thrones,TV Series
House of the Dragon,TV Series
Peaky Blinders,TV Series
The Boys,TV Series
Vikings,TV Series
The Last of Us,TV Series
Never Have I Ever,TV Series
Stranger Things,TV Series
Money Heist,TV Series
Chernobyl,TV Series
Breaking Bad,TV Series
Better Call Saul,TV Series
4 Blocks,TV Series
Doctor Who,TV Series
WWE,TV Series
House,TV Series
WandaVision,TV Series
The Falcon and the Winter Soldier,TV Series
Loki,TV Series
What If...?,TV Series
Hawkeye,TV Series
Moon Knight,TV Series
Ms. Marvel,TV Series
The Great British Bake Off,TV Series
MasterChef,TV Series
Trade Your Way to the USA,TV Series
Dragons' Den,TV Series
Dark,TV Series
Black Mirror,TV Series
Band of Brothers,TV Series
Atlanta,TV Series
The Sopranos,TV Series
The Wire,TV Series
True Detective,TV Series
The Crown,TV Series
Narcos,TV Series
Sherlock,TV Series
Mahabharat,TV Series
The Twilight Zone,TV Series
Endless,Music
Blonde,Music
Channel Orange,Music
"Nostalgia, Ultra",Music
Dawn FM,Music
After Hours,Music
Starboy,Music
Beauty Behind the Madness,Music
Kiss Land,Music
Echoes of Silence,Music
Thursday,Music
House of Balloons,Music
King of the Fall,Music
New Blue Sun,Music
Days Before Rodeo,Music
Rodeo,Music
Birds in the Trap Sing McKnight,Music
Astroworld,Music
Utopia,Music
JACKBOYS,Music
Highest in the Room,Music
The Scotts,Music
Franchise,Music
Escape Plan,Music
Mafia,Music
The College Dropout,Music
Late Registration,Music
Graduation,Music
808s & Heartbreak,Music
My Beautiful Dark Twisted Fantasy,Music
Yeezus,Music
The Life of Pablo,Music
Ye,Music
Kids See Ghosts,Music
Jesus Is King,Music
Donda,Music
Donda 2,Music
Vultures 1,Music
Only One,Music
FourFiveSeconds,Music
All Day,Music
Lift Yourself,Music
XTCY,Music
Wash Us in the Blood,Music
Playboi Carti,Music
Die Lit,Music
Whole Lotta Red,Music
Call Me If You Get Lost,Music
Igor,Music
Flower Boy,Music
Cherry Bomb,Music
Wolf,Music
Goblin,Music
Die For My Bitch,Music
The Melodic Blue,Music
Section.80,Music
"Good Kid, M.A.A.D City",Music
To Pimp a Butterfly,Music
Damn,Music
Mr. Morale & the Big Steppers,Music
The Hillbillies,Music
Ignorance Is Bliss,Music
Konnichiwa,Music
All In,Music
Insomnia,Music
Grime MC,Music
Integrity>,Music
Scaring the Hoes,Music
Lord Willin',Music
My Name Is My Name,Music
King Push - Darkest Before Dawn: The Prelude,Music
Daytona,Music
It's Almost Dry,Music
Heaven or Hell,Music
Life of a Don,Music
Love Sick,Music
Without Warning,Music
Savage Mode,Music
Savage Mode II,Music
Her Loss,Music
Heroes & Villains,Music
Not All Heroes Wear Capes,Music
Culture,Music
Kiwanuka,Music
SuperM,Music
Super One,Music
Obsession,Music
Don't Mess Up My Tempo,Music
The War,Music
Ex'Act,Music
Exodus,Music
Feel Special,Music
Fancy You,Music
It'z Different,Music
It'z Icy,Music
Not Shy,Music
Map of the Soul: Persona,Music
Map of the Soul: 7,Music
Proof,Music
Testing,Music
Live. Love. ASAP,Music
DS2,Music
The Land Is Inhospitable and So Are We,Music
The Last of Us,Game
The Last of Us Part II,Game
Baldur's Gate 3,Game
Payday 2,Game
God of War,Game
God of War: Chains of Olympus,Game
God of War II,Game
God of War: Ghost of Sparta,Game
God of War III,Game
God of War: Ascension,Game
God of War,Game
God of War Ragnarök,Game
Doom,Game
Doom II,Game
Doom 3: BFG Edition,Game
Doom,Game
Doom Eternal,Game
Tomb Raider,Game
Rise of the Tomb Raider,Game
Shadow of the Tomb Raider,Game
Undertale,Game
Mother,Game
EarthBound,Game
Mother 3,Game
The Forest,Game
Sons of the Forest,Game
Portal,Game
Portal 2,Game
Half-Life,Game
Half-Life 2,Game
Half-Life 2: Episode One,Game
Half-Life 2: Episode Two,Game
Outer Wilds,Game
Spec Ops: The Line,Game
Kingdom Come: Deliverance,Game
Metro 2033,Game
Metro: Last Light,Game
Metro Exodus,Game
Mafia: Definitive Edition,Game
The Elder Scrolls IV: Oblivion,Game
The Elder Scrolls V: Skyrim,Game
Nier: Automata,Game
Mass Effect,Game
Mass Effect 2,Game
Mass Effect 3,Game
Dragon Ball FighterZ,Game
Mortal Kombat,Game
Street Fighter III: 3rd Strike,Game
WWE SmackDown! Here Comes the Pain,Game
WWE SmackDown! vs. Raw 2006,Game
WWE '13,Game
WWE 2K14,Game
WWE 2K19,Game
Dead Space,Game
Dead Space 2,Game
Limbo,Game
Monument Valley,Game
Monument Valley 2,Game
Uncharted: Drake's Fortune,Game
Uncharted 2: Among Thieves,Game
Uncharted 3: Drake's Deception,Game
Uncharted 4: A Thief's End,Game
Marvel's Spider-Man,Game
Marvel's Spider-Man: Miles Morales,Game
Marvel's Spider-Man 2,Game
Dishonored,Game
Dishonored 2,Game
Dishonored: Death of the Outsider,Game
BioShock,Game
BioShock 2,Game
BioShock Infinite,Game
Resident Evil 2,Game
Resident Evil 4,Game
Resident Evil 7: Biohazard,Game
Resident Evil Village,Game
Elden Ring,Game
Ghost of Tsushima,Game
Yakuza 0,Game
Yakuza Kiwami,Game
Yakuza Kiwami 2,Game
Yakuza 3,Game
Yakuza 4,Game
Yakuza 5,Game
Yakuza 6: The Song of Life,Game
Judgment,Game
Yakuza: Like a Dragon,Game
Like a Dragon Gaiden: The Man Who Erased His Name,Game
Lost Judgment,Game
Like a Dragon: Infinite Wealth,Game
It Takes Two,Game
Max Payne,Game
Max Payne 2: The Fall of Max Payne,Game
Max Payne 3,Game
Final Fantasy,Game
Final Fantasy II,Game
Final Fantasy III,Game
Final Fantasy IV,Game
Final Fantasy V,Game
Final Fantasy VI,Game
Final Fantasy VII Remake,Game
Life Is Strange,Game
Life Is Strange: Before the Storm,Game
Life Is Strange 2,Game
Batman: The Telltale Series,Game
Batman: The Enemy Within,Game
Hitman,Game
Hitman 2,Game
Hitman 3,Game
Angry Birds,Game
Hill Climb Racing,Game
Fruit Ninja,Game
Jetpack Joyride,Game
Subway Surfers,Game
Candy Crush Saga,Game
Doodle Jump,Game
Fallout 2,Game
Fallout 3,Game
Fallout: New Vegas,Game
Fallout 4,Game
Fallout 76,Game
Worms W.M.D,Game
Kirby Super Star Ultra,Game
Phoenix Wright: Ace Attorney,Game
Phoenix Wright: Ace Attorney - Justice for All,Game
Phoenix Wright: Ace Attorney - Trials and Tribulations,Game
Apollo Justice: Ace Attorney,Game
Phoenix Wright: Ace Attorney - Dual Destinies,Game
Phoenix Wright: Ace Attorney - Spirit of Justice,Game
Pikmin,Game
Pikmin 2,Game
Pikmin 3,Game
Pikmin 4,Game
MySims,Game
MySims Agents,Game
MySims Kingdom,Game
Animal Crossing: New Leaf,Game
Animal Crossing: New Horizons,Game
Pokémon FireRed Pokémon LeafGreen,Game
Pokémon Emerald,Game
Pokémon Platinum,Game
Pokémon HeartGold Pokémon SoulSilver,Game
Pokémon Black Pokémon White,Game
Pokémon Black 2 Pokémon White 2,Game
Pokémon Mystery Dungeon: Blue Rescue Team,Game
Pokémon Mystery Dungeon: Explorers of Sky,Game
Pokémon Mystery Dungeon: Rescue Team DX,Game
Pokémon Ranger,Game
Pokémon Ranger: Shadows of Almia,Game
Pokémon Ranger: Guardian Signs,Game
Pokémon Conquest,Game
Professor Layton and the Curious Village,Game
Professor Layton and the Diabolical Box,Game
Professor Layton and the Unwound Future,Game
Professor Layton and the Last Specter,Game
Professor Layton and the Miracle Mask,Game
Professor Layton and the Azran Legacy,Game
Layton's Mystery Journey: Katrielle and the Millionaires' Conspiracy,Game
Chrono Trigger,Game
Super Mario Bros.,Game
Super Mario Bros. 3,Game
Super Mario World,Game
New Super Mario Bros.,Game
New Super Mario Bros. Wii,Game
New Super Mario Bros. 2,Game
New Super Mario Bros. U,Game
Super Mario Bros. Wonder,Game
Paper Mario,Game
Paper Mario: The Thousand-Year Door,Game
Super Paper Mario,Game
Paper Mario: Sticker Star,Game
Mario & Luigi: Paper Jam,Game
Paper Mario: Color Splash,Game
Paper Mario: The Origami King,Game
Mario & Luigi: Superstar Saga,Game
Mario & Luigi: Partners in Time,Game
Mario & Luigi: Bowser's Inside Story,Game
Mario & Luigi: Dream Team,Game
Mario Party DS,Game
Mario Party Superstars,Game
Mario Kart DS,Game
Mario Kart 8,Game
Super Mario RPG: Legend of the Seven Stars,Game
Super Mario 64 DS,Game
Super Mario Sunshine,Game
Super Mario Galaxy,Game
Super Mario Galaxy 2,Game
Super Mario 3D Land,Game
Super Mario 3D World,Game
Luigi's Mansion,Game
Luigi's Mansion: Dark Moon,Game
Luigi's Mansion 3,Game
Super Mario World 2: Yoshi's Island,Game
Yoshi's Story,Game
Yoshi's Island DS,Game
Yoshi's New Island,Game
Yoshi's Woolly World,Game
Yoshi's Crafted World,Game
Ghost Trick: Phantom Detective,Game
Call of Duty 4: Modern Warfare,Game
Call of Duty: World at War,Game
Call of Duty: Modern Warfare 2,Game
Call of Duty: Black Ops,Game
Call of Duty: Modern Warfare 3,Game
Call of Duty: Black Ops II,Game
Call of Duty: Infinite Warfare,Game
Call of Duty: Modern Warfare,Game
Call of Duty: Modern Warfare II,Game
Sonic Mania,Game
Rayman Legends,Game
LittleBigPlanet,Game
LittleBigPlanet 2,Game
LittleBigPlanet 3,Game
Cuphead,Game
Overcooked,Game
Overcooked 2,Game
A Way Out,Game
Among Us,Game
Left 4 Dead 2,Game
Batman: Arkham Origins,Game
Batman: Arkham Asylum,Game
Batman: Arkham City,Game
Batman: Arkham Knight,Game
Grand Theft Auto: Liberty City Stories,Game
Grand Theft Auto III,Game
Grand Theft Auto: Vice City Stories,Game
Grand Theft Auto: Vice City,Game
Grand Theft Auto: San Andreas,Game
Grand Theft Auto: Chinatown Wars,Game
Grand Theft Auto IV,Game
Grand Theft Auto V,Game
Red Dead Redemption,Game
Red Dead Redemption 2,Game
Alan Wake,Game
Alan Wake 2,Game
Metal Gear,Game
Snake's Revenge,Game
Metal Gear 2: Solid Snake,Game
Metal Gear Solid,Game
Metal Gear Solid 2: Sons of Liberty,Game
Metal Gear Solid 3: Snake Eater,Game
Metal Gear Solid 4: Guns of the Patriots,Game
Metal Gear Solid: Peace Walker,Game
Metal Gear Solid V: Ground Zeroes,Game
Metal Gear Solid V: The Phantom Pain,Game
The Legend of Zelda: A Link to the Past,Game
The Legend of Zelda: Four Swords Anniversary Edition,Game
The Legend of Zelda: Link's Awakening,Game
The Legend of Zelda: Ocarina of Time 3D,Game
The Legend of Zelda: Majora's Mask 3D,Game
The Legend of Zelda: Oracle of Seasons The Legend of Zelda: Oracle of Ages,Game
The Legend of Zelda: The Wind Waker,Game
The Legend of Zelda: The Minish Cap,Game
The Legend of Zelda: Twilight Princess,Game
The Legend of Zelda: A Link Between Worlds,Game
The Legend of Zelda: Breath of the Wild,Game
The Legend of Zelda: Tears of the Kingdom,Game
Assassin's Creed,Game
Assassin's Creed II,Game
Assassin's Creed Brotherhood,Game
Assassin's Creed Revelations,Game
Assassin's Creed III,Game
Assassin's Creed IV: Black Flag,Game
Assassin's Creed Rogue,Game
Assassin's Creed Unity,Game
Assassin's Creed Syndicate,Game
Assassin's Creed Origins,Game
Assassin's Creed Odyssey,Game
Assassin's Creed Valhalla,Game
Assassin's Creed Mirage,Game
Watch Dogs,Game
Watch Dogs 2,Game
Watch Dogs: Legion,Game
Harry Potter and the Prisoner of Azkaban,Game
Infinity Blade,Game
Infinity Blade II,Game
Infinity Blade III,Game
The Witcher 3: Wild Hunt,Game
Bloodborne,Game
Horizon Zero Dawn,Game
Horizon Forbidden West,Game
Cyberpunk 2077,Game
The Simpsons: Hit & Run,Game
Stardew Valley,Game
Terraria,Game
RollerCoaster Tycoon 2,Game
Dead by Daylight,Game
Super Metroid,Game
Castlevania: Symphony of the Night,Game
Minecraft,Game
Disco Elysium,Game
Shadow of the Colossus,Game
Diablo II: Resurrected,Game
Hollow Knight,Game
Journey,Game
Silent Hill 2,Game
Return of the Obra Dinn,Game
Inside,Game
Persona 5,Game
Dark Souls,Game
Dark Souls II,Game
Dark Souls III,Game
Chicken Run,Film
Flushed Away,Film
Snow White and the Seven Dwarfs,Film
Pinocchio,Film
Dumbo,Film
Bambi,Film
Alice in Wonderland,Film
Peter Pan,Film
Return to Never Land,Film
Lady and the Tramp,Film
Sleeping Beauty,Film
One Hundred and One Dalmatians,Film
Mary Poppins,Film
The Jungle Book,Film
The Many Adventures of Winnie the Pooh,Film
Winnie the Pooh Discovers the Seasons,Film
Winnie the Pooh and a Day for Eeyore,Film
The Tigger Movie,Film
Piglet's Big Movie,Film
Pooh's Heffalump Movie,Film
Winnie the Pooh,Film
The Little Mermaid,Film
Beauty and the Beast,Film
Aladdin,Film
The Lion King,Film
Pocahontas,Film
A Goofy Movie,Film
Cool Runnings,Film
The Hunchback of Notre Dame,Film
One Hundred and One Dalmatians,Film
Tarzan,Film
Inspector Gadget,Film
Inspector Gadget 2,Film
Charlie and the Chocolate Factory,Film
Toy Story,Film
Toy Story 2,Film
Toy Story 3,Film
"Monsters, Inc.",Film
Finding Nemo,Film
The Incredibles,Film
Chicken Little,Film
"The Chronicles of Narnia: The Lion, the Witch and the Wardrobe",Film
Cars,Film
Meet the Robinsons,Film
Ratatouille,Film
WALL-E,Film
Up,Film
Madagascar,Film
Madagascar: Escape 2 Africa,Film
Madagascar 3: Europe's Most Wanted,Film
Shrek,Film
Shrek 2,Film
Shrek the Third,Film
Kung Fu Panda,Film
Kung Fu Panda 2,Film
Kung Fu Panda 3,Film
The Princess and the Frog,Film
Tangled,Film
Brave,Film
Wreck-It Ralph,Film
Frozen,Film
Big Hero 6,Film
The Good Dinosaur,Film
Moana,Film
Coco,Film
Raya and the Last Dragon,Film
Luca,Film
Encanto,Film
Leo,Film
The Muppet Movie,Film
The Great Muppet Caper,Film
The Muppets Take Manhattan,Film
The Muppet Christmas Carol,Film
Muppet Treasure Island,Film
The Muppets,Film
Muppets Most Wanted,Film
Diary of a Wimpy Kid,Film
Diary of a Wimpy Kid: Rodrick Rules,Film
Diary of a Wimpy Kid: Dog Days,Film
Matilda,Film
Despicable Me,Film
Minions,Film
The BFG,Film
A Grand Day Out,Film
The Wrong Trousers,Film
Wallace and Gromit: A Close Shave,Film
Wallace & Gromit: The Curse of the Were-Rabbit,Film
A Matter of Loaf and Death,Film
Kirikou and the Sorceress,Film
Neuilly Yo Mama!,Film
Ramayana: The Legend of Prince Rama,Film
Ace Ventura: Pet Detective,Film
Writing With Fire,Film
Bitter Lake,Film
HyperNormalisation,Film
Seaspiracy,Film
Get Me Roger Stone,Film
jeen-yuhs: A Kanye Trilogy,Film
Wrestling Isn't Wrestling,Film
Senna,Film
The Kid,Film
A Woman of Paris,Film
The Gold Rush,Film
The Circus,Film
City Lights,Film
Modern Times,Film
The Great Dictator,Film
Monsieur Verdoux,Film
Limelight,Film
A King in New York,Film
A Countess from Hong Kong,Film
Grown Ups,Film
Grown Ups 2,Film
American Pie,Film
American Pie 2,Film
American Wedding,Film
American Reunion,Film
Ride Along,Film
Ride Along 2,Film
The Hangover,Film
The Hangover Part II,Film
The Hangover Part III,Film
Ali G Indahouse,Film
Borat,Film
Brüno,Film
Borat Subsequent Moviefilm: Delivery of Prodigious Bribe to American Regime for Make Benefit Once Glorious Nation of Kazakhstan,Film
Coming to America,Film
Friday,Film
Rush Hour,Film
Rush Hour 2,Film
Rush Hour 3,Film
21 Jump Street,Film
22 Jump Street,Film
Good Boys,Film
Superbad,Film
White Chicks,Film
Ted,Film
Monty Python and the Holy Grail,Film
Monty Python's Life of Brian,Film
Monty Python's The Meaning of Life,Film
The Mask,Film
The Dictator,Film
Akira,Film
Dune,Film
Dune: Part Two,Film
Sadhna,Film
Arrival,Film
Alien,Film
Aftersun,Film
2001: A Space Odyssey,Film
Eyes Wide Shut,Film
The Shining,Film
This Is England,Film
El Camino: A Breaking Bad Movie,Film
Pulp Fiction,Film
Eternal Sunshine of the Spotless Mind,Film
Taxi Driver,Film
Moonlight,Film
The Shawshank Redemption,Film
The Pianist,Film
Schindler's List,Film
The Grand Budapest Hotel,Film
Mulholland Drive,Film
Raging Bull,Film
"The Good, the Bad and the Ugly",Film
Parasite,Film
Oldboy,Film
The Handmaiden,Film
The Wailing,Film
American Psycho,Film
The Whale,Film
Iron Man,Film
The Incredible Hulk,Film
Iron Man 2,Film
Thor,Film
Captain America: The First Avenger,Film
The Avengers,Film
Iron Man 3,Film
Thor: The Dark World,Film
Captain America: The Winter Soldier,Film
Guardians of the Galaxy,Film
Avengers: Age of Ultron,Film
Ant-Man,Film
Captain America: Civil War,Film
Doctor Strange,Film
Guardians of the Galaxy Vol. 2,Film
Spider-Man: Homecoming,Film
Thor: Ragnarok,Film
Black Panther,Film
Avengers: Infinity War,Film
Ant-Man and the Wasp,Film
Captain Marvel,Film
Avengers: Endgame,Film
Spider-Man: Far From Home,Film
Black Widow,Film
Shang-Chi and the Legend of the Ten Rings,Film
Eternals,Film
Spider-Man: No Way Home,Film
Doctor Strange in the Multiverse of Madness,Film
Thor: Love and Thunder,Film
Spider-Man: Into the Spider-Verse,Film
Spider-Man: Across the Spider-Verse,Film
The Batman,Film
Joker,Film
Knives Out,Film
Glass Onion: A Knives Out Mystery,Film
The Great Gatsby,Film
Once Upon a Time...in Hollywood,Film
The Pursuit of Happyness,Film
Django Unchained,Film
Godzilla Minus One,Film
Crazy Rich Asians,Film
The Godfather,Film
The Godfather Part II,Film
City of God,Film
Goodfellas,Film
Everything Everywhere All at Once,Film
Fight Club,Film
The Platform,Film
Boyz n the Hood,Film
Straight Outta Compton,Film
Training Day,Film
My Neighbor Totoro,Film
Spirited Away,Film
Howl's Moving Castle,Film
Top Gun,Film
Top Gun: Maverick,Film
Mirror,Film
The Boy in the Striped Pyjamas,Film
The Theory of Everything,Film
The Truman Show,Film
Roots,TV Series
Her,Film
Inception,Film
Your Name,Film
Get Out,Film
The Revenant,Film
La La Land,Film
The Florida Project,Film
The Lighthouse,Film
Koyaanisqatsi,Film
Forrest Gump,Film
Napoleon Dynamite,Film
Weathering with You,Film
Bernie,Film
Rain Man,Film
Home Alone,Film
Home Alone 2: Lost in New York,Film
Mission: Impossible,Film
Mission: Impossible 2,Film
Mission: Impossible III,Film
Mission: Impossible - Ghost Protocol,Film
Pirates of the Caribbean: The Curse of the Black Pearl,Film
Pirates of the Caribbean: Dead Man's Chest,Film
Pirates of the Caribbean: At World's End,Film
The Fast and the Furious,Film
2 Fast 2 Furious,Film
The Fast and the Furious: Tokyo Drift,Film
Fast & Furious,Film
Fast Five,Film
Fast & Furious 6,Film
Furious 7,Film
The Call,Film
Slumdog Millionaire,Film
Batman Begins,Film
The Dark Knight Rises,Film
The Dark Knight Rises,Film
The Conjuring,Film
The Conjuring 2,Film
The Conjuring: The Devil Made Me Do It,Film
Scream,Film
Friday the 13th,Film
Halloween,Film
Halloween,Film
Halloween Kills,Film
Halloween Ends,Film
A Nightmare on Elm Street,Film
Taken,Film
American Sniper,Film
The Martian,Film
I Am Not Your Negro,Film
An Inspector Calls,Film
Travis Scott: Look Mom I Can Fly,Film
Close-Up,Film
1917,Film
Full Metal Jacket,Film
Dunkirk,Film
Scarface,Film
The Idol,TV Series
Nightcrawler,Film
Southpaw,Film
Heat,Film
Casablanca,Film
The Matrix,Film
Reservoir Dogs,Film
Logan,Film
A Clockwork Orange,Film
Kidulthood,Film
Ex Machina,Film
Perfect Blue,Film
Blade Runner,Film
Blade Runner 2049,Film
Groundhog Day,Film
Trainspotting,Film
Children of Men,Film
Call Me by Your Name,Film
The Notebook,Film
Mad Max,Film
Mad Max 2,Film
Mad Max Beyond Thunderdome,Film
Mad Max: Fury Road,Film
Braveheart,Film
300,Film
Titanic,Film
Birdman,Film
Inglourious Basterds,Film
Dope,Film
Singin' in the Rain,Film
Saving Private Ryan,Film
The Social Network,Film
BlacKkKlansman,Film
Isle of Dogs,Film
The Breakfast Club,Film
Ferris Bueller's Day Off,Film
Self Made,Film
The Founder,Film
The Imitation Game,Film
Super 30,Film
The Man Who Knew Infinity,Film
Life of Pi,Film
Tenet,Film
Past Lives,Film
La Jetée,Film
Midsommar,Film
Minari,Film
Gone Girl,Film
Dr. No,Film
From Russia with Love,Film
Goldfinger,Film
Thunderball,Film
You Only Live Twice,Film
On Her Majesty's Secret Service,Film
The Spy Who Loved Me,Film
For Your Eyes Only,Film
The Living Daylights,Film
Licence to Kill,Film
GoldenEye,Film
Casino Royale,Film
Quantum of Solace,Film
Skyfall,Film
Spectre,Film
No Time to Die,Film
After Hours,Film
Ghost in the Shell,Film
Citizen Kane,Film
Die Hard,Film
The Terminator,Film
Terminator 2: Judgment Day,Film
The Equalizer,Film
The Equalizer 2,Film
The Equalizer 3,Film
The Raid,Film
The Raid 2,Film
John Wick,Film
John Wick: Chapter 2,Film
John Wick: Chapter 3 - Parabellum,Film
John Wick: Chapter 4,Film
Uncut Gems,Film
The Silence of the Lambs,Film
Harakiri,Film
Grave of the Fireflies,Film
Interstellar,Film
Seven,Film
One Flew Over the Cuckoo's Nest,Film
The Lord of the Rings: The Fellowship of the Ring,Film
The Lord of the Rings: The Two Towers,Film
The Lord of the Rings: The Return of the King,Film
The Hobbit: An Unexpected Journey,Film
The Hobbit: The Desolation of Smaug,Film
The Hobbit: The Battle of the Five Armies,Film
Harry Potter and the Philosopher's Stone,Film
Harry Potter and the Chamber of Secrets,Film
Harry Potter and the Prisoner of Azkaban,Film
Harry Potter and the Goblet of Fire,Film
Harry Potter and the Order of the Phoenix,Film
Harry Potter and the Half-Blood Prince,Film
Harry Potter and the Deathly Hallows - Part 1,Film
Harry Potter and the Deathly Hallows - Part 2,Film
The Intouchables,Film
La Haine,Film
Kick-Ass,Film
Kick-Ass 2,Film
Fighting with My Family,Film
Shutter Island,Film
The Wolf of Wall Street,Film
Black Swan,Film
Dead Poets Society,Film
Grease,Film
Hamilton,Film
Katt Williams: The Pimp Chronicles Pt. 1,Comedy Special
Katt Williams Live: Let a Playa Play,Comedy Special
Katt Williams: American Hustle,Comedy Special
Katt Williams: It's Pimpin' Pimpin',Comedy Special
Katt Williams: Pimpadelic,Comedy Special
Katt Williams: 9 Lives,Comedy Special
Katt Williams: Kattpacalypse,Comedy Special
Katt Williams: Priceless: Afterlife,Comedy Special
Katt Williams: Great America,Comedy Special
Katt Williams: World War III,Comedy Special
Outsourced,Comedy Special
"Russell Peters: Two Concerts, One Ticket",Comedy Special
"Red, White and Brown",Comedy Special
The Green Card Tour: Live from the O2 Arena,Comedy Special
Notorious,Comedy Special
Almost Famous,Comedy Special
Deported,Comedy Special
Hasan Minhaj: Homecoming King,Comedy Special
On Location: George Carlin at USC,Comedy Special
George Carlin: Again!,Comedy Special
Carlin at Carnegie,Comedy Special
Carlin on Campus,Comedy Special
Playin' with Your Head,Comedy Special
What Am I Doing in New Jersey?,Comedy Special
Doin' It Again,Comedy Special
Jammin' in New York,Comedy Special
Back in Town,Comedy Special
George Carlin: 40 Years of Comedy,Comedy Special
You Are All Diseased,Comedy Special
Complaints and Grievances,Comedy Special
Life Is Worth Losing,Comedy Special
It's Bad for Ya,Comedy Special
Dave Chappelle: Killin' Them Softly,Comedy Special
Dave Chappelle: For What It's Worth,Comedy Special
The Age of Spin: Dave Chappelle Live at The Hollywood Palladium,Comedy Special
Deep in the Heart of Texas: Dave Chappelle Live at Austin City Limits,Comedy Special
Dave Chappelle: Equanimity,Comedy Special
Dave Chappelle: The Bird Revelation,Comedy Special
Dave Chappelle: Sticks & Stones,Comedy Special
8:46,Film
Dave Chappelle: Unforgiven,Film
Dave Chappelle: Redemption Song,Film
Dave Chappelle: The Closer,Comedy Special
Dave Chappelle: What's in a Name?,Film
Dave Chappelle: The Dreamer,Comedy Special
4:4:1,Comedy Special
5:5:1,Comedy Special
Views from the Cis EP,Comedy Special
Schulz Saves America,Comedy Special
Andrew Schulz: Infamous,Comedy Special
Akaash Singh: Bring Back Apu,Comedy Special
Eddie Murphy: Delirious,Comedy Special
Eddie Murphy: Raw,Comedy Special
Kevin Hart: I'm a Grown Little Man,Comedy Special
Kevin Hart: Seriously Funny,Comedy Special
Kevin Hart: Laugh at My Pain,Comedy Special
Kevin Hart: Let Me Explain,Comedy Special
Kevin Hart: What Now?,Comedy Special
Kevin Hart: Irresponsible,Comedy Special
Kevin Hart: Zero F**ks Given,Comedy Special
Patrice O'Neal: Elephant in the Room,Comedy Special
Bill Burr: Why Do I Do This?,Comedy Special
Bill Burr: Let It Go,Comedy Special
Bill Burr: You People Are All the Same,Comedy Special
Bill Burr: I'm Sorry You Feel That Way,Comedy Special
Bill Burr: Walk Your Way Out,Comedy Special
Bill Burr: Paper Tiger,Comedy Special
Bill Burr: Live at Red Rocks,Comedy Special
Louis C.K.: Shameless,Comedy Special
Louis C.K.: Chewed Up,Comedy Special
Louis C.K.: Hilarious,Comedy Special
Louis C.K.: Live at the Beacon Theater,Comedy Special
Louis C.K.: Oh My God,Comedy Special
Louis C.K.: Live at the Comedy Store,Comedy Special
Louis C.K. 2017,Comedy Special
Sincerely Louis C.K.,Comedy Special
Louis C.K.: Sorry,Comedy Special
Louis C.K. at The Dolby,Comedy Special
Louis C.K.: Back to the Garden,Comedy Special
Norm Macdonald: Me Doing Stand-Up,Comedy Special
"Norm Macdonald: Hitler's Dog, Gossip & Trickery",Comedy Special
Norm Macdonald: Nothing Special,Comedy Special
Frankie Boyle Live,Comedy Special
"Frankie Boyle: If I Could Reach Out Through Your TV and Strangle You, I Would",Comedy Special
Frankie Boyle: The Last Days of Sodom,Comedy Special
Frankie Boyle: Hurt Like You've Never Been Loved,Comedy Special
Frankie Boyle: Excited for You to See and Hate This,Comedy Special
Greg Davies: Firing Cheeseballs at a Dog,Comedy Special
Greg Davies Live: The Back of My Mum's Head,Comedy Special
Greg Davies: You Magnificent Beast,Comedy Special
Ricky Gervais Live: Animals,Comedy Special
Ricky Gervais Live 2: Politics,Comedy Special
Ricky Gervais Live 3: Fame,Comedy Special
Ricky Gervais: Out of England,Comedy Special
Ricky Gervais Live IV: Science,Comedy Special
Ricky Gervais: Out of England 2,Comedy Special
Ricky Gervais: Humanity,Comedy Special
Ricky Gervais: SuperNature,Comedy Special
Ricky Gervais: Armageddon,Comedy Special
Chris Rock: Big Ass Jokes,Comedy Special
Chris Rock: Bring the Pain,Comedy Special
Chris Rock: Bigger & Blacker,Comedy Special
Chris Rock: Never Scared,Comedy Special
Chris Rock: Kill the Messenger,Comedy Special
Chris Rock: Selective Outrage,Comedy Special
Chris Rock: Tamborine,Comedy Special
John Mulaney: The Top Part,Comedy Special
John Mulaney: New in Town,Comedy Special
John Mulaney: The Comeback Kid,Comedy Special
John Mulaney: Kid Gorgeous at Radio City,Comedy Special
John Mulaney: Baby J,Comedy Special
David Copperfield,Book
Great Expectations,Book
The Catcher in the Rye,Book
Catch-22,Book
Jane Eyre,Book
To Kill a Mockingbird,Book
"Oliver Twist; or, The Parish Boy's Progress",Book
Stay Out of the Basement,Book
Say Cheese and Die!,Book
Night of the Living Dummy,Book
The Haunted Mask,Book
One Day at HorrorLand,Book
The Hitchhiker's Guide to the Galaxy,Book
Holes,Book
Of Mice and Men,Book
Jonathan Livingston Seagull: A Story,Book
The Kite Runner,Book
An Inspector Calls,Book
Logicomix,Book
Crime and Punishment,Book
Noughts & Crosses,Book
Knife Edge,Book
Checkmate,Book
Double Cross,Book
Crossfire,Book
Endgame,Book
War and Peace,Book
Little Women,Book
The Da Vinci Code,Book
The Grapes of Wrath,Book
Flowers for Algernon,Book
Dune,Book
Dune Messiah,Book
Children of Dune,Book
God Emperor of Dune,Book
The Very Hungry Caterpillar,Book
The Wonderful Story of Henry Sugar and Six More,Book
The Magic Finger,Book
Danny the Champion of the World,Book
Boy: Tales of Childhood,Book
The Enormous Crocodile,Book
The Giraffe and the Pelly and Me,Book
Esio Trot,Book
George's Marvellous Medicine,Book
Fantastic Mr Fox,Book
The BFG,Book
Charlie and the Chocolate Factory,Book
Charlie and the Great Glass Elevator,Book
Matilda,Book
The Witches,Book
James and the Giant Peach,Book
The Twits,Book
The Tale of Peter Rabbit,Book
The Tale of Squirrel Nutkin,Book
The Tailor of Gloucester,Book
The Tale of Benjamin Bunny,Book
The Tale of Two Bad Mice,Book
The Tale of Mrs. Tiggy-Winkle,Book
The Tale of the Pie and the Patty-Pan,Book
The Tale of Mr. Jeremy Fisher,Book
The Story of A Fierce Bad Rabbit,Book
The Story of Miss Moppet,Book
The Tale of Tom Kitten,Book
The Tale of Jemima Puddle-Duck,Book
The Tale of Samuel Whiskers or The Roly-Poly Pudding,Book
The Tale of the Flopsy Bunnies,Book
The Tale of Ginger and Pickles,Book
The Tale of Mrs. Tittlemouse,Book
The Tale of Timmy Tiptoes,Book
The Tale of Mr. Tod,Book
The Tale of Pigling Bland,Book
Appley Dapply's Nursery Rhymes,Book
The Tale of Johnny Town-Mouse,Book
Cecily Parsley's Nursery Rhymes,Book
The Tale of Little Pig Robinson,Book
When We Were Very Young,Book
Now We Are Six,Book
Winnie-the-Pooh,Book
The House at Pooh Corner,Book
Lord of the Flies,Book
Ulysses,Book
The Great Gatsby,Book
Lolita,Book
Nineteen Eighty-Four,Book
Animal Farm,Book
Rani and Sukh,Book
"Frankenstein; or, The Modern Prometheus",Book
The Old Man and the Sea,Book
Charlotte's Web,Book
"Moby-Dick; or, The Whale",Book
Don Quixote,Book
It,Book
The Handmaid's Tale,Book
A Study in Scarlet,Book
The Sign of the Four,Book
The Adventures of Sherlock Holmes,Book
The Memoirs of Sherlock Holmes,Book
The Hound of the Baskervilles,Book
The Return of Sherlock Holmes,Book
The Valley of Fear,Book
The Raven,Book
The Tell-Tale Heart,Book
The Fall of the House of Usher,Book
The Picture of Dorian Gray,Book
Far from the Madding Crowd,Book
The Mayor of Casterbridge,Book
Tess of the d'Urbervilles: A Pure Woman,Book
Jude the Obscure,Book
Les Misérables,Book
Dracula,Book
A Tale of Two Cities,Book
Pride and Prejudice,Book
Where's Wally?,Book
Where's Wally Now?,Book
Where's Wally? The Fantastic Journey,Book
Where's Wally in Hollywood?,Book
Where's Wally? The Wonder Book,Book
Where's Waldo? The Great Picture Hunt!,Book
Where's Wally?: The Incredible Paper Chase,Book
Corduroy,Book
Winnie the Witch,Book
Winnie in Winter,Book
Winnie Flies Again,Book
Winnie's Magic Wand,Book
Winnie's New Computer,Book
Winnie at the Seaside,Book
Elmer the Patchwork Elephant,Book
Madeline,Book
Madeline's Rescue,Book
Madeline and the Bad Hat,Book
Madeline's Christmas,Book
Madeline and the Gypsies,Book
Madeline in London,Book
Horrid Henry,Book
Horrid Henry and the Secret Club,Book
Horrid Henry Tricks the Tooth Fairy,Book
Horrid Henry's Nits,Book
Horrid Henry Gets Rich Quick,Book
Horrid Henry's Haunted House,Book
Horrid Henry and The Mummy's Curse,Book
Horrid Henry's Revenge,Book
Horrid Henry and the Bogey Babysitter,Book
Horrid Henry's Stinkbomb,Book
Horrid Henry's Underpants,Book
Horrid Henry Meets The Queen,Book
Horrid Henry and the Mega-Mean Time Machine,Book
Horrid Henry and the Football Fiend,Book
Horrid Henry's Christmas Cracker,Book
Horrid Henry and the Abominable Snowman,Book
Horrid Henry's Joke Book,Book
Horrid Henry's Jolly Joke Book,Book
Horrid Henry's Mighty Joke Book,Book
Horrid Henry's Hilariously Horrid Joke Book,Book
Horrid Henry's Purple Hand Gang Joke Book,Book
Horrid Henry's All Time Favourite Joke Book,Book
Fairy Tale,Book
The Merchant of Venice,Book
Julius Caesar,Book
Othello,Book
As You Like It,Book
Antony and Cleopatra,Book
Hamlet,Book
Henry V,Book
Twelfth Night,Book
A Midsummer Night's Dream,Book
Romeo and Juliet,Book
The Tragedie of Macbeth,Book
Much Ado About Nothing,Book
The Taming of the Shrew,Book
King Lear,Book
Richard III,Book
Mr. Men,Book
Little Miss,Book
And to Think That I Saw It on Mulberry Street,Book
The 500 Hats of Bartholomew Cubbins,Book
The King's Stilts,Book
Horton Hatches the Egg,Book
McElligot's Pool,Book
Thidwick the Big-Hearted Moose,Book
Bartholomew and the Oobleck,Book
If I Ran the Zoo,Book
Scrambled Eggs Super!,Book
Horton Hears a Who!,Book
On Beyond Zebra!,Book
If I Ran the Circus,Book
The Cat in the Hat,Book
How the Grinch Stole Christmas!,Book
Yertle the Turtle and Other Stories,Book
The Cat in the Hat Comes Back,Book
Happy Birthday to You!,Book
Green Eggs and Ham,Book
"One Fish, Two Fish, Red Fish, Blue Fish",Book
The Sneetches and Other Stories,Book
Dr. Seuss's Sleep Book,Book
Dr. Seuss's ABC,Book
Hop on Pop,Book
Fox in Socks,Book
I Had Trouble in Getting to Solla Sollew,Book
The Foot Book,Book
I Can Lick 30 Tigers Today! and Other Stories,Book
My Book about ME,Book
Mr. Brown Can Moo! Can You?,Book
The Lorax,Book
Marvin K. Mooney Will You Please Go Now!,Book
Did I Ever Tell You How Lucky You Are?,Book
The Shape of Me and Other Stuff,Book
Great Day for Up!,Book
There's a Wocket in My Pocket,Book
"Oh, the Thinks You Can Think!",Book
I Can Read with My Eyes Shut!,Book
Oh Say Can You Say?,Book
Hunches in Bunches,Book
The Butter Battle Book,Book
You're Only Old Once!,Book
I Am Not Going to Get Up Today!,Book
"Oh, the Places You'll Go!",Book
The Adventures of Captain Underpants,Book
Captain Underpants and the Attack of the Talking Toilets,Book
Captain Underpants and the Invasion of the Incredibly Naughty Cafeteria Ladies from Outer Space (and the Subsequent Assault of the Equally Evil Lunchroom Zombie Nerds),Book
Captain Underpants and the Perilous Plot of Professor Poopypants,Book
Captain Underpants and the Wrath of the Wicked Wedgie Woman,Book
"Captain Underpants and the Big, Bad Battle of the Bionic Booger Boy (Parts 1 & 2)",Book
"Captain Underpants and the Big, Bad Battle of the Bionic Booger Boy (Parts 1 & 2)",Book
Captain Underpants and the Preposterous Plight of the Purple Potty People,Book
Captain Underpants and the Terrifying Return of Tippy Tinkletrousers,Book
Captain Underpants and the Revolting Revenge of the Radioactive Robo-Boxers,Book
Captain Underpants and the Tyrannical Retaliation of the Turbo Toilet 2000,Book
Captain Underpants and the Sensational Saga of Sir Stinks-A-Lot,Book
Savage Stone Age,Book
Awesome Egyptians,Book
Awful Egyptians,Book
Groovy Greeks,Book
Rotten Romans,Book
Ruthless Romans,Book
Cut-Throat Celts,Book
Smashing Saxons,Book
Vicious Vikings,Book
Stormin' Normans,Book
Measly Middle Ages,Book
Angry Aztecs,Book
Incredible Incas,Book
Terrible Tudors,Book
Terrifying Tudors,Book
Slimy Stuarts,Book
Gorgeous Georgians,Book
Vile Victorians,Book
Villainous Victorians,Book
Barmy British Empire,Book
Frightful First World War,Book
Woeful Second World War,Book
Blitzed Brits,Book
The Gruffalo,Book
The Beano,Book
One Piece,Book
Dragon Ball,Book
Diary of a Wimpy Kid,Book
Diary of a Wimpy Kid: Rodrick Rules,Book
Diary of a Wimpy Kid: The Last Straw,Book
Diary of a Wimpy Kid: Dog Days,Book
Diary Of A Wimpy Kid: The Ugly Truth,Book
Diary of a Wimpy Kid: Cabin Fever,Book
Diary of a Wimpy Kid: The Third Wheel,Book
Diary of a Wimpy Kid: Hard Luck,Book
Diary of a Wimpy Kid: The Long Haul,Book
Diary of a Wimpy Kid: Old School,Book
Soccer Squad: Starting Eleven,Book
Soccer Squad: Missing!,Book
Soccer Squad: Stars!,Book
Soccer Squad: Glory!,Book
